{
  "name": "tinyscrollbar",
  "title": "Tiny Scrollbar",
  "version": "2.1.8",
  "description": "A lightweight cross browser jQuery based scrollbar.",
  "homepage": "http://www.baijs.com/tinyscrollbar",
  "repository": {
    "type": "git",
    "url": "https://github.com/wieringen/tinyscrollbar.git"
  },
  "keywords": [
    "UI",
    "jQuery",
    "Mobile",
    "scrollbar",
    "javascript"
  ],
  "author": {
    "name": "Maarten Baijs",
    "email": "wieringen@gmail.com"
  },
  "licenses": [
    {
      "type": "MIT",
      "url": "https://github.com/wieringen/tinscrollbar/blob/master/MIT-LICENSE.txt"
    }
  ],
  "bugs": "https://github.com/wieringen/tinscrollbar/issues",
  "download": "http://baijs.com/tinscrollbar/",
  "demo" : "http://baijs.com/tinscrollbar/",
  "docs" : "http://baijs.com/tinscrollbar/",
  "dependencies": {
    "jquery": ">=1.5"
  }
}
